URL,Traffic,Flag
www.google.com,,
www.reddit.com/r/aipromptprogramming/comments/1en1vr4/looking_for_free_ai_image_generator/,,
www.reddit.com/r/ClaudeAI/comments/1jcght8/why_claude_ai_is_still_looking_mid/,,
www.reddit.com/r/ClaudeAI/comments/1jalixv/vibecry_and_vibegiveup/,,
www.reddit.com,,
www.reddit.com/r/manufacturing/comments/ui5haz/manufacturers_of_reddit_what_is_it_like_to_run_a/,,
www.reddit.com/r/aipromptprogramming/comments/1jaattx/how_true_is_this_lol/,,
www.reddit.com/r/aipromptprogramming/comments/1jcp579/how_cursor_works_under_the_hood_and_how_to_use_it/,,
www.reddit.com/r/aipromptprogramming/comments/1jb3pau/i_have_an_obsession_with_openai_agents_im_amazed/,,
www.reddit.com/r/aipromptprogramming/comments/1jdk1b7/i_built_a_discord_bot_with_an_ai_agent_that/,,
www.reddit.com/r/aipromptprogramming/comments/1jcu7ap/sketchofthought_efficient_llm_reasoning_with/,,
www.reddit.com/r/aipromptprogramming/comments/1j8qqqp/forget_vibe_coding_vibe_debugging_is_the_future/,,
www.reddit.com/r/aipromptprogramming/comments/1jclhps/major_personal_milestone_achieved_with_clineclaude/,,
www.reddit.com/r/aipromptprogramming/comments/1j8v6ty/after_a_bit_of_digging_i_got_sesame_ais_system/,,
